1;C0001;1;COR 01;REVESTIMENTO 01;PAPEL DE PAREDE 01;01/11/2016;01/12/2016;C:/PASTA DA FOTO/FOTOS;Dinheiro;SERV0001;111.111.111-99;Aberto
2;C0002;2;COR 02;REVESTIMENTO 02;PAPEL DE PAREDE 02;30/10/2016;22/11/2016;C:/PASTA DA FOTO/FOTOS;Débito;SERV0002;111.111.111-98;Em andamento
3;C0003;3;COR 03;REVESTIMENTO 03;PAPEL DE PAREDE 03;02/11/2016;07/12/2016;C:/PASTA DA FOTO/FOTOS;Crédito à vista;SERV0003;111.111.111-97;Finalizado
4;C0004;4;COR 04;REVESTIMENTO 04;PAPEL DE PAREDE 04;02/11/2016;01/12/2016;C:/PASTA DA FOTO/FOTOS;Crédito Parcelado;SERV0004;111.111.111-96;Encerrado
5;C0005;5;COR 05;REVESTIMENTO 05;PAPEL DE PAREDE 05;01/11/2016;01/12/2016;C:/PASTA DA FOTO/FOTOS;Dinheiro;SERV0005;111.111.111-95;Aberto
6;C0006;6;COR 06;REVESTIMENTO 06;PAPEL DE PAREDE 06;30/10/2016;22/11/2016;C:/PASTA DA FOTO/FOTOS;Débito;SERV0006;111.111.111-94;Em andamento
7;C0007;7;COR 07;REVESTIMENTO 07;PAPEL DE PAREDE 07;02/11/2016;07/12/2016;C:/PASTA DA FOTO/FOTOS;Crédito à vista;SERV0007;111.111.111-93;Finalizado
8;C0008;8;COR 08;REVESTIMENTO 08;PAPEL DE PAREDE 08;02/11/2016;01/12/2016;C:/PASTA DA FOTO/FOTOS;Crédito Parcelado;SERV0008;111.111.111-92;Encerrado
9;C0009;9;COR 09;REVESTIMENTO 09;PAPEL DE PAREDE 09;01/11/2016;01/12/2016;C:/PASTA DA FOTO/FOTOS;Dinheiro;SERV0009;111.111.111-91;Aberto
10;C0010;10;COR 10;REVESTIMENTO 10;PAPEL DE PAREDE 10;30/10/2016;22/11/2016;C:/PASTA DA FOTO/FOTOS;Débito;SERV0010;111.111.111-90;Em andamento
11;C0011;11;COR 11;REVESTIMENTO 11;PAPEL DE PAREDE 11;02/11/2016;07/12/2016;C:/PASTA DA FOTO/FOTOS;Crédito à vista;SERV0011;111.111.111-89;Finalizado
12;C0012;12;COR 12;REVESTIMENTO 12;PAPEL DE PAREDE 12;02/11/2016;01/12/2016;C:/PASTA DA FOTO/FOTOS;Crédito Parcelado;SERV0012;111.111.111-88;Encerrado
13;C0013;13;COR 13;REVESTIMENTO 13;PAPEL DE PAREDE 13;01/11/2016;01/12/2016;C:/PASTA DA FOTO/FOTOS;Dinheiro;SERV0013;111.111.111-87;Aberto
14;C0014;14;COR 14;REVESTIMENTO 14;PAPEL DE PAREDE 14;30/10/2016;22/11/2016;C:/PASTA DA FOTO/FOTOS;Débito;SERV0014;111.111.111-86;Em andamento
15;C0015;15;COR 15;REVESTIMENTO 15;PAPEL DE PAREDE 15;02/11/2016;07/12/2016;C:/PASTA DA FOTO/FOTOS;Crédito à vista;SERV0015;111.111.111-85;Finalizado
16;C0016;16;COR 16;REVESTIMENTO 16;PAPEL DE PAREDE 16;02/11/2016;01/12/2016;C:/PASTA DA FOTO/FOTOS;Crédito Parcelado;SERV0016;111.111.111-84;Encerrado
17;C0017;17;COR 17;REVESTIMENTO 17;PAPEL DE PAREDE 17;01/11/2016;01/12/2016;C:/PASTA DA FOTO/FOTOS;Dinheiro;SERV0017;111.111.111-83;Aberto
18;C0018;18;COR 18;REVESTIMENTO 18;PAPEL DE PAREDE 18;30/10/2016;22/11/2016;C:/PASTA DA FOTO/FOTOS;Débito;SERV0018;111.111.111-82;Em andamento
19;C0019;19;COR 19;REVESTIMENTO 19;PAPEL DE PAREDE 19;02/11/2016;07/12/2016;C:/PASTA DA FOTO/FOTOS;Crédito à vista;SERV0019;111.111.111-81;Finalizado
20;C0020;20;COR 20;REVESTIMENTO 20;PAPEL DE PAREDE 20;02/11/2016;01/12/2016;C:/PASTA DA FOTO/FOTOS;Crédito Parcelado;SERV0020;111.111.111-80;Encerrado
21;C0021;21;COR 21;REVESTIMENTO 21;PAPEL DE PAREDE 21;01/11/2016;01/12/2016;C:/PASTA DA FOTO/FOTOS;Dinheiro;SERV0021;111.111.111-79;Aberto
22;C0022;22;COR 22;REVESTIMENTO 22;PAPEL DE PAREDE 22;30/10/2016;22/11/2016;C:/PASTA DA FOTO/FOTOS;Débito;SERV0022;111.111.111-78;Em andamento
23;C0023;23;COR 23;REVESTIMENTO 23;PAPEL DE PAREDE 23;02/11/2016;07/12/2016;C:/PASTA DA FOTO/FOTOS;Crédito à vista;SERV0023;111.111.111-77;Finalizado
24;C0024;24;COR 24;REVESTIMENTO 24;PAPEL DE PAREDE 24;02/11/2016;01/12/2016;C:/PASTA DA FOTO/FOTOS;Crédito Parcelado;SERV0024;111.111.111-76;Encerrado
25;C0025;25;COR 25;REVESTIMENTO 25;PAPEL DE PAREDE 25;01/11/2016;01/12/2016;C:/PASTA DA FOTO/FOTOS;Dinheiro;SERV0025;111.111.111-75;Aberto
26;C0026;26;COR 26;REVESTIMENTO 26;PAPEL DE PAREDE 26;30/10/2016;22/11/2016;C:/PASTA DA FOTO/FOTOS;Débito;SERV0026;111.111.111-74;Em andamento
27;C0027;27;COR 27;REVESTIMENTO 27;PAPEL DE PAREDE 27;02/11/2016;07/12/2016;C:/PASTA DA FOTO/FOTOS;Crédito à vista;SERV0027;111.111.111-73;Finalizado
28;C0028;28;COR 28;REVESTIMENTO 28;PAPEL DE PAREDE 28;02/11/2016;01/12/2016;C:/PASTA DA FOTO/FOTOS;Crédito Parcelado;SERV0028;111.111.111-72;Encerrado
29;C0029;29;COR 29;REVESTIMENTO 29;PAPEL DE PAREDE 29;01/11/2016;01/12/2016;C:/PASTA DA FOTO/FOTOS;Dinheiro;SERV0029;111.111.111-71;Aberto
30;C0030;30;COR 30;REVESTIMENTO 30;PAPEL DE PAREDE 30;30/10/2016;22/11/2016;C:/PASTA DA FOTO/FOTOS;Débito;SERV0030;111.111.111-70;Em andamento
31;C0031;31;COR 31;REVESTIMENTO 31;PAPEL DE PAREDE 31;02/11/2016;07/12/2016;C:/PASTA DA FOTO/FOTOS;Crédito à vista;SERV0031;111.111.111-69;Finalizado
32;C0032;32;COR 32;REVESTIMENTO 32;PAPEL DE PAREDE 32;02/11/2016;01/12/2016;C:/PASTA DA FOTO/FOTOS;Crédito Parcelado;SERV0032;111.111.111-68;Encerrado
33;C0033;33;COR 33;REVESTIMENTO 33;PAPEL DE PAREDE 33;01/11/2016;01/12/2016;C:/PASTA DA FOTO/FOTOS;Dinheiro;SERV0033;111.111.111-67;Aberto
34;C0034;34;COR 34;REVESTIMENTO 34;PAPEL DE PAREDE 34;30/10/2016;22/11/2016;C:/PASTA DA FOTO/FOTOS;Débito;SERV0034;111.111.111-66;Em andamento
35;C0035;35;COR 35;REVESTIMENTO 35;PAPEL DE PAREDE 35;02/11/2016;07/12/2016;C:/PASTA DA FOTO/FOTOS;Crédito à vista;SERV0035;111.111.111-65;Finalizado
36;C0036;36;COR 36;REVESTIMENTO 36;PAPEL DE PAREDE 36;02/11/2016;01/12/2016;C:/PASTA DA FOTO/FOTOS;Crédito Parcelado;SERV0036;111.111.111-64;Encerrado
37;C0037;37;COR 37;REVESTIMENTO 37;PAPEL DE PAREDE 37;01/11/2016;01/12/2016;C:/PASTA DA FOTO/FOTOS;Dinheiro;SERV0037;111.111.111-63;Aberto
38;C0038;38;COR 38;REVESTIMENTO 38;PAPEL DE PAREDE 38;30/10/2016;22/11/2016;C:/PASTA DA FOTO/FOTOS;Débito;SERV0038;111.111.111-62;Em andamento
39;C0039;39;COR 39;REVESTIMENTO 39;PAPEL DE PAREDE 39;02/11/2016;07/12/2016;C:/PASTA DA FOTO/FOTOS;Crédito à vista;SERV0039;111.111.111-61;Finalizado
40;C0040;40;COR 40;REVESTIMENTO 40;PAPEL DE PAREDE 40;02/11/2016;01/12/2016;C:/PASTA DA FOTO/FOTOS;Crédito Parcelado;SERV0040;111.111.111-60;Encerrado
41;C0041;41;COR 41;REVESTIMENTO 41;PAPEL DE PAREDE 41;01/11/2016;01/12/2016;C:/PASTA DA FOTO/FOTOS;Dinheiro;SERV0041;111.111.111-59;Aberto
42;C0042;42;COR 42;REVESTIMENTO 42;PAPEL DE PAREDE 42;30/10/2016;22/11/2016;C:/PASTA DA FOTO/FOTOS;Débito;SERV0042;111.111.111-58;Em andamento
43;C0043;43;COR 43;REVESTIMENTO 43;PAPEL DE PAREDE 43;02/11/2016;07/12/2016;C:/PASTA DA FOTO/FOTOS;Crédito à vista;SERV0043;111.111.111-57;Finalizado
44;C0044;44;COR 44;REVESTIMENTO 44;PAPEL DE PAREDE 44;02/11/2016;01/12/2016;C:/PASTA DA FOTO/FOTOS;Crédito Parcelado;SERV0044;111.111.111-56;Encerrado
